<?xml version="1.0" encoding="UTF-8"?>
<!DOCTYPE fontscolors PUBLIC "-//NetBeans//DTD Editor Fonts and Colors settings 1.2//EN" "https://netbeans.apache.org/dtds/EditorFontsColors-1_2.dtd">
<fontscolors>
    <fontcolor bgColor="ff2c637f" name="mark-occurrences"/>
    <fontcolor name="identifier"/>
    <fontcolor default="field" name="markup-attribute"/>
    <fontcolor default="identifier" name="method"/>
    <fontcolor foreColor="ffff8c8c" name="string"/>
    <fontcolor default="keyword" name="markup-element"/>
    <fontcolor default="string" foreColor="ffb68cff" name="markup-attribute-value"/>
    <fontcolor bgColor="ffb25050" name="error"/>
    <fontcolor default="default" name="entity-reference"/>
    <fontcolor foreColor="ff8ed9ff" name="separator"/>
    <fontcolor foreColor="ff8ed9ff" name="operator"/>
    <fontcolor name="url" underline="blue"/>
    <fontcolor foreColor="ffffe48c" name="number"/>
    <fontcolor bgColor="ff192e33" foreColor="ffedf7f9" name="default">
        <font name="Consolas" size="30"/>
    </fontcolor>
    <fontcolor default="identifier" foreColor="ff8cffb2" name="field"/>
    <fontcolor foreColor="ffffb88c" name="char"/>
    <fontcolor name="warning" underline="ffffff8c"/>
    <fontcolor foreColor="ff999999" name="comment">
        <font style="italic"/>
    </fontcolor>
    <fontcolor foreColor="ff8ed9ff" name="keyword"/>
    <fontcolor name="whitespace"/>
</fontscolors>
