<?xml version="1.0" encoding="UTF-8"?>
<!DOCTYPE fontscolors PUBLIC "-//NetBeans//DTD Editor Fonts and Colors settings 1.2//EN" "https://netbeans.apache.org/dtds/EditorFontsColors-1_2.dtd">
<fontscolors>
    <fontcolor bgColor="ff386f4c" foreColor="white" name="nbeditor-bracesMatching-match">
        <font style="bold"/>
    </fontcolor>
    <fontcolor bgColor="black" name="coverage-partial"/>
    <fontcolor foreColor="ff253e5a" name="text-limit-line-color"/>
    <fontcolor bgColor="ff253e5a" foreColor="white" name="code-folding"/>
    <fontcolor foreColor="ffcc0099" name="synchronized-text-blocks-ext"/>
    <fontcolor bgColor="ff6f3757" foreColor="white" name="nbeditor-bracesMatching-mismatch">
        <font style="bold"/>
    </fontcolor>
    <fontcolor bgColor="ff1b3450" name="highlight-caret-row"/>
    <fontcolor foreColor="yellow" name="caret-color-overwrite-mode"/>
    <fontcolor name="status-bar"/>
    <fontcolor bgColor="ffccffcc" name="coverage-covered"/>
    <fontcolor bgColor="darkGray" name="guarded"/>
    <fontcolor name="trailing-whitespace"/>
    <fontcolor bgColor="ffe0ffe0" name="coverage-inferred"/>
    <fontcolor bgColor="ff6f3757" foreColor="white" name="nbeditor-bracesMatching-mismatch-multichar">
        <font style="bold"/>
    </fontcolor>
    <fontcolor bgColor="fff5f5f5" foreColor="ffb4b4b4" name="remove-surround-code-delete"/>
    <fontcolor foreColor="ffcccccc" name="code-folding-border"/>
    <fontcolor name="west-sidebars-color"/>
    <fontcolor foreColor="red" name="status-bar-bold"/>
    <fontcolor name="nbeditor-bracesMatching-sidebar"/>
    <fontcolor bgColor="ff121e31" foreColor="white" name="line-number"/>
    <fontcolor bgColor="darkGray" name="readonly-files"/>
    <fontcolor bgColor="ff38566f" name="highlight-search"/>
    <fontcolor foreColor="ff253e5a" name="code-folding-bar"/>
    <fontcolor foreColor="ff996600" name="synchronized-text-blocks-ext-slave"/>
    <fontcolor foreColor="ff253e5a" name="indent-guide-lines"/>
    <fontcolor name="indent-whitespace"/>
    <fontcolor bgColor="ff5d719c" foreColor="white" name="block-search"/>
    <fontcolor bgColor="ff685d9c" name="selection"/>
    <fontcolor bgColor="ffffcccc" name="coverage-uncovered"/>
    <fontcolor bgColor="ff38566f" name="inc-search"/>
    <fontcolor bgColor="ffccffcc" name="remove-surround-code-remain"/>
    <fontcolor bgColor="ff386f4c" foreColor="white" name="nbeditor-bracesMatching-match-multichar">
        <font style="bold"/>
    </fontcolor>
    <fontcolor bgColor="yellow" foreColor="yellow" name="caret-color-insert-mode"/>
    <fontcolor foreColor="ffa4a4ff" name="hyperlinks" underline="ffa4a4ff"/>
</fontscolors>
