<?xml version="1.0" encoding="UTF-8"?>
<!DOCTYPE fontscolors PUBLIC "-//NetBeans//DTD Editor Fonts and Colors settings 1.2//EN" "https://netbeans.apache.org/dtds/EditorFontsColors-1_2.dtd">
<fontscolors>
    <fontcolor default="whitespace" name="xml-ws"/>
    <fontcolor default="default" foreColor="ffceb2ff" name="xml-operator"/>
    <fontcolor default="default" foreColor="cyan" name="xml-ref"/>
    <fontcolor default="default" foreColor="ffffedb2" name="xml-pi-start"/>
    <fontcolor default="string" name="xml-value"/>
    <fontcolor default="default" foreColor="ffffe48c" name="xml-tag"/>
    <fontcolor default="default" foreColor="ffffedb2" name="xml-doctype"/>
    <fontcolor default="default" name="xml-text"/>
    <fontcolor default="default" foreColor="ffffedb2" name="xml-cdata-section"/>
    <fontcolor default="error" name="xml-error"/>
    <fontcolor default="default" foreColor="ffffedb2" name="xml-pi-end"/>
    <fontcolor default="default" foreColor="ffffedb2" name="xml-pi-target"/>
    <fontcolor default="comment" foreColor="ff8f8f8f" name="xml-comment"/>
    <fontcolor default="identifier" foreColor="ff8cffb2" name="xml-attribute"/>
    <fontcolor default="whitespace" name="xml-EOL"/>
    <fontcolor default="default" foreColor="ffffedb2" name="xml-pi-content"/>
</fontscolors>
