<?xml version="1.0" encoding="UTF-8"?>
<!DOCTYPE fontscolors PUBLIC "-//NetBeans//DTD Editor Fonts and Colors settings 1.2//EN" "https://netbeans.apache.org/dtds/EditorFontsColors-1_2.dtd">
<fontscolors>
    <fontcolor default="default" foreColor="ffceb2ff" name="expression-language"/>
    <fontcolor default="default" foreColor="ffceb2ff" name="symbol">
        <font style="bold"/>
    </fontcolor>
    <fontcolor default="default" foreColor="ffff8c8c" name="attribute-value"/>
    <fontcolor default="default" name="scriptlet"/>
    <fontcolor default="default" foreColor="ffffe48c" name="tag-directive">
        <font style="bold"/>
    </fontcolor>
    <fontcolor default="default" foreColor="ff8cffb2" name="attribute-name"/>
    <fontcolor default="default" foreColor="ffffe48c" name="endtag">
        <font style="bold"/>
    </fontcolor>
    <fontcolor default="default" foreColor="ffceb2ff" name="scriptlet-delimiter"/>
    <fontcolor default="default" foreColor="ff8f8f8f" name="comment">
        <font style="bold"/>
    </fontcolor>
    <fontcolor bgColor="ffb25050" default="default" foreColor="fffff2f2" name="error">
        <font style="bold"/>
    </fontcolor>
    <fontcolor default="default" foreColor="black" name="jsp-whitespace">
        <font style="bold"/>
    </fontcolor>
</fontscolors>
