<?xml version="1.0" encoding="UTF-8"?>
<!DOCTYPE fontscolors PUBLIC "-//NetBeans//DTD Editor Fonts and Colors settings 1.2//EN" "https://netbeans.apache.org/dtds/EditorFontsColors-1_2.dtd">
<fontscolors>
    <fontcolor default="comment" foreColor="ff8f8f8f" name="block-comment"/>
    <fontcolor default="identifier" foreColor="ff8cffb2" name="argument"/>
    <fontcolor name="mod-method">
        <font style="bold"/>
    </fontcolor>
    <fontcolor name="mod-class" waveUnderlined="red"/>
    <fontcolor default="default" foreColor="pink" name="el-delimiter">
        <font style="bold"/>
    </fontcolor>
    <fontcolor default="error" name="error"/>
    <fontcolor default="default" name="javascript-embedded"/>
    <fontcolor default="operator" foreColor="white" name="operator"/>
    <fontcolor default="char" name="character"/>
    <fontcolor default="comment" foreColor="gray" name="sgml-comment"/>
    <fontcolor default="default" foreColor="ffffedb2" name="sgml-declaration"/>
    <fontcolor default="default" foreColor="white" name="el-content"/>
    <fontcolor default="default" name="xml-pi"/>
    <fontcolor default="default" foreColor="ffffe48c" name="tag"/>
    <fontcolor default="default" name="text"/>
    <fontcolor default="whitespace" name="ws"/>
    <fontcolor default="markup-attribute" name="mod-constructor">
        <font style="bold"/>
    </fontcolor>
    <fontcolor default="markup-attribute-value" foreColor="ffff8c8c" name="value"/>
    <fontcolor default="default" name="css-embedded"/>
</fontscolors>
